LUMACO,09207
LOTA,08106
LAUTARO,09108
COMBARBALA,04302
PIRQUE,13202
JUAN FERNANDEZ,05104
LAGUNA BLANCA,12102
SAN CARLOS,08416
LAGO VERDE,11102
ANGOL,09201
CHAITEN,10401
QUINTA NORMAL,13126
COPIAPO,03101
CALBUCO,10102
MACHALI,06108
DIEGO DE ALMAGRO,03202
EMPEDRADO,07104
VICTORIA,09211
YERBAS BUENAS,07408
PUERTO OCTAY,10302
RIO HURTADO,04305
SAN MIGUEL,13130
PELARCO,07106
COINCO,06103
TIMAUKEL,12303
ALTO HOSPICIO,01107
MELIPEUCO,09110
MARIA PINTO,13504
PAINE,13404
ESTACION CENTRAL,13106
LANCO,14103
QUILICURA,13125
TEODORO SCHMIDT,09117
SAN FERNANDO,06301
COLINA,13301
CHONCHI,10203
CASTRO,10201
CABO DE HORNOS,12201
FREIRE,09105
COLLIPULLI,09202
CONTULMO,08204
NIQUEN,08409
MOSTAZAL,06110
SAN JOAQUIN,13129
EL BOSQUE,13105
CERRILLOS,13102
CORONEL,08102
LAJA,08304
PUREN,09208
RENAICO,09209
SAN FABIAN,08417
HUALPEN,08112
PICHIDEGUA,06113
PINTO,08411
VICHUQUEN,07309
CHANCO,07202
PENCO,08107
PAIGUANO,04105
PAIHUANO,04105
LOS ANGELES,08301
LO BARNECHEA,13115
OSORNO,10301
HUALAIHUE,10403
COLCHANE,01403
PUTRE,15201
LA UNION,14201
CABILDO,05402
PUERTO VARAS,10109
NATALES,12401
MARIQUINA,14106
FUTALEUFU,10402
LA HIGUERA,04104
LONCOCHE,09109
LEBU,08201
TENO,07308
RENGO,06115
MAULLIN,10108
TALAGANTE,13601
CHILE CHICO,11401
HUASCO,03304
FLORIDA,08104
CUREPTO,07103
TEMUCO,09101
EL MONTE,13602
VITACURA,13132
MEJILLONES,02102
SAN JAVIER,07406
PUDAHUEL,13124
QUEMCHI,10209
CURACAVI,13503
HUARA,01404
HUECHURABA,13107
TALCAHUANO,08110
CALERA DE TANGO,13403
SAN ANTONIO,05601
ALHUE,13502
EL CARMEN,08407
MAULE,07105
PUMANQUE,06309
LLAILLAY,05703
CURARREHUE,09104
CAUQUENES,07201
LINARES,07401
VILLA ALEMANA,05804
COLBUN,07402
RETIRO,07405
MACUL,13118
PURRANQUE,10303
PALMILLA,06306
VINA DEL MAR,05109
RANQUIL,08415
OVALLE,04301
CHILLAN,08401
LOLOL,06304
PALENA,10404
TALCA,07101
TORRES DEL PAINE,12402
ANDACOLLO,04103
PERQUENCO,09113
TOCOPILLA,02301
LA GRANJA,13111
LICANTEN,07303
QUILACO,08308
GENERAL LAGOS,15202
LA FLORIDA,13110
CHEPICA,06302
GUAITECAS,11203
ISLA DE PASCUA,05201
PLACILLA,06308
SAN GREGORIO,12104
PORVENIR,12301
LO PRADO,13117
SANTA CRUZ,06310
YUNGAY,08421
TOLTEN,09118
PICHILEMU,06201
COBQUECURA,08403
QUELLON,10208
RIO IBANEZ,11402
SAN PABLO,10307
VILLARRICA,09120
TRAIGUEN,09210
PANGUIPULLI,14108
VALLENAR,03301
LOS LAGOS,14104
PROVIDENCIA,13123
PAREDONES,06206
ERCILLA,09204
PEUMO,06112
TOME,08111
CATEMU,05702
PRIMAVERA,12302
DONIHUE,06105
SAN PEDRO,13505
TORTEL,11303
CHOLCHOL,09121
CONCON,05103
ALTO DEL CARMEN,03302
SIERRA GORDA,02103
TALTAL,02104
PARRAL,07404
NINHUE,08408
CHILLAN VIEJO,08406
NANCAGUA,06305
ANTUCO,08302
SAN RAMON,13131
HIJUELAS,05503
PORTEZUELO,08412
SAN ESTEBAN,05304
AISEN,11201
AYSEN,11201
QUILLECO,08309
NEGRETE,08307
CONSTITUCION,07102
CANELA,04202
IQUIQUE,01101
ALTO BIOBIO,08314
SAGRADA FAMILIA,07307
SANTO DOMINGO,05606
LAMPA,13302
SAAVEDRA,09116
CERRO NAVIA,13103
COCHAMO,10103
SAN CLEMENTE,07109
PANQUEHUE,05704
LOS VILOS,04203
CARAHUE,09102
CHIMBARONGO,06303
EL QUISCO,05604
CONCHALI,13104
QUIRIHUE,08414
QUINCHAO,10210
NAVIDAD,06205
BULNES,08402
FUTRONO,14202
PADRE LAS CASAS,09112
RAUCO,07305
ANTARTICA,12202
SAN JUAN DE LA COSTA,10306
QUILPUE,05801
RENCA,13128
CISNES,11202
TUCAPEL,08312
MARIA ELENA,02302
LA SERENA,04101
CURANILAHUE,08205
GORBEA,09107
O’HIGGINS,11302
O'HIGGINS,11302
PETORCA,05404
SANTIAGO,13101
VILLA ALEGRE,07407
COIHAIQUE,11101
COYHAIQUE,11101
CALERA,05502
LA CALERA,05502
CALLE LARGA,05302
LITUECHE,06203
RINCONADA,05303
PENCAHUE,07107
LOS SAUCES,09206
CODEGUA,06102
OLIVAR,06111
RIO NEGRO,10305
CURICO,07301
RECOLETA,13127
MULCHEN,08305
MELIPILLA,13501
ALGARROBO,05602
PUCON,09115
PERALILLO,06307
FRESIA,10104
BUIN,13402
TIERRA AMARILLA,03103
PUERTO MONTT,10101
QUEILEN,10207
FRUTILLAR,10105
MAFIL,14105
CURACO DE VELEZ,10204
DALCAHUE,10205
PEMUCO,08410
PELLUHUE,07203
LAGO RANCO,14203
PADRE HURTADO,13604
ARICA,15101
ISLA DE MAIPO,13603
PAILLACO,14107
LA PINTANA,13112
LONGAVI,07403
MOLINA,07304
CAMINA,01402
HUALQUI,08105
ANCUD,10202
VALDIVIA,14101
CHANARAL,03201
LONQUIMAY,09205
SAN IGNACIO,08418
ROMERAL,07306
SAN NICOLAS,08419
COLTAUCO,06104
VALPARAISO,05101
COIHUECO,08405
COQUIMBO,04102
COCHRANE,11301
LOS ALAMOS,08206
QUINTA DE TILCOCO,06114
CHIGUAYANTE,08103
YUMBEL,08313
LA LIGUA,05401
NOGALES,05506
SANTA BARBARA,08311
PENALOLEN,13122
CARTAGENA,05603
LA REINA,13113
CABRERO,08303
CABO DE HORNOS (EX NAVARINO),12201
FREIRINA,03303
SANTA JUANA,08109
RIO VERDE,12103
CALDERA,03102
CALAMA,02201
CANETE,08203
PICA,01405
EL TABO,05605
SAN BERNARDO,13401
INDEPENDENCIA,13108
LAS CONDES,13114
RIO BUENO,14204
PENAFLOR,13605
RANCAGUA,06101
OLMUE,05803
PUENTE ALTO,13201
SAN PEDRO DE LA PAZ,08108
OLLAGUE,02202
LA CISTERNA,13109
SAN FELIPE,05701
MAIPU,13119
PUNTA ARENAS,12101
PAPUDO,05403
LO ESPEJO,13116
ARAUCO,08202
PUNITAQUI,04304
NAVARINO,12201
TIRUA,08207
QUILLOTA,05501
PUYEHUE,10304
QUINTERO,05107
PITRUFQUEN,09114
MALLOA,06109
CASABLANCA,05102
GRANEROS,06106
LOS MUERMOS,10106
CORRAL,14102
POZO ALMONTE,01401
LA ESTRELLA,06202
NUEVA IMPERIAL,09111
HUALANE,07302
REQUINOA,06116
ILLAPEL,04201
SANTA MARIA,05706
CURACAUTIN,09203
ZAPALLAR,05405
PUTAENDO,05705
MARCHIHUE,06204
LLANQUIHUE,10107
SAN PEDRO DE ATACAMA,02203
ANTOFAGASTA,02101
PUQUELDON,10206
TREGUACO,08420
LA CRUZ,05504
NUNOA,13120
SAN VICENTE,06117
SAN VICENTE DE TAGUA TAGUA,06117
CAMARONES,15102
SAN JOSE DE MAIPO,13203
SALAMANCA,04204
LAS CABRAS,06107
QUILLON,08413
LOS ANDES,05301
VICUNA,04106
LIMACHE,05802
TILTIL,13303
PEDRO AGUIRRE CERDA,13121
MONTE PATRIA,04303
NACIMIENTO,08306
PUCHUNCAVI,05105
GALVARINO,09106
CONCEPCION,08101
SAN ROSENDO,08310
SAN RAFAEL,07110
RIO CLARO,07108
COELEMU,08404
CUNCO,09103
VILCUN,09119
LLAY-LLAY,05703
MARCHIGUE,06204
